method,epsilon,target_epsilon,spent_epsilon,attack_auc,attack_advantage
MLP non-private,inf,,,0.578449,0.07844899999999999
DP-SGD MLP ε=0.5,0.4966734837934694,0.5,0.4966734837934694,0.511191375,0.011191375000000003
DP-SGD MLP ε=1.0,0.9938908477449967,1.0,0.9938908477449967,0.515136,0.015136000000000038
DP-SGD MLP ε=3.0,2.9944125196993334,3.0,2.9944125196993334,0.5072911250000001,0.007291125000000065
DP-SGD MLP ε=5.0,4.990026821186473,5.0,4.990026821186473,0.5123635,0.012363499999999972
DP-SGD MLP ε=10.0,9.997326907892967,10.0,9.997326907892967,0.51202625,0.012026250000000016
