method,epsilon,target_epsilon,spent_epsilon,attack_auc,attack_advantage
MLP non-private,inf,,,0.5020419608614859,0.002041960861485892
DP-SGD MLP ε=0.5,0.4909928409258238,0.5,0.4909928409258238,0.502202628293668,0.0022026282936680186
DP-SGD MLP ε=1.0,0.9940545426703392,1.0,0.9940545426703392,0.5019788381817364,0.0019788381817363865
DP-SGD MLP ε=3.0,2.992134745899504,3.0,2.992134745899504,0.5021680348550307,0.0021680348550306983
DP-SGD MLP ε=5.0,4.993029270071983,5.0,4.993029270071983,0.5021544890447707,0.002154489044770669
DP-SGD MLP ε=10.0,9.999917206523772,10.0,9.999917206523772,0.5021041316094347,0.0021041316094346785
