epsilon,epsilon_numeric,is_private,accuracy,precision,recall,f1,fnr,auc,dp_diff,fnr_gap,worst_group_sensitivity
0.1,0.1,True,0.8366713730411895,0.42819277108433734,0.20253020287212217,0.2749922624574435,0.7974697971278778,0.7374673445777569,0.0002336452223481028,0.019848997361525567,0.1922256458876511
0.5,0.5,True,0.8526904774355488,0.5650422875553766,0.15990426259402782,0.24926712267922183,0.8400957374059722,0.7988274232863922,0.002297191787102401,0.029966939065317666,0.14434700165916095
1.0,1.0,True,0.8530042357370705,0.5706004140786749,0.15705493503533166,0.24631334346232908,0.8429450649646684,0.800706650824808,0.003490325573827835,0.033609704049086364,0.13960654183455795
5.0,5.0,True,0.8532831320050899,0.5750946571308372,0.15580123090950534,0.2451798045018384,0.8441987690904946,0.8011435903246393,0.004491616324864063,0.038043204790206064,0.1360511969661057
infinity,999.0,False,0.7089368822883438,0.3123342175066313,0.7515386368816959,0.4412768520377434,0.24846136311830413,0.8012504452385806,0.03406904812412548,0.03321100588030362,0.7342972268310026
