auc,f1,recall,fnr,dp_diff,fnr_gap,worst_group_sensitivity,macro_avg_fnr,method,weight_min,weight_median,weight_max,weight_std
0.7724878679591397,0.36125494974109046,0.262621789193977,0.737378210806023,0.022206760265734884,0.044409068354741676,0.2327469553450609,0.7450485104775684,Oracle (train on target),,,,
0.7686686844268938,0.3386944181646168,0.23782108060230292,0.7621789193976971,0.01678323695357646,0.035703818390597775,0.21380243572395127,0.7683456550807498,Naive transfer,,,,
0.7686686844268938,0.3386944181646168,0.23782108060230292,0.7621789193976971,0.01678323695357646,0.035703818390597775,0.21380243572395127,0.7683456550807498,IPS-weighted transfer,0.9999999999999993,0.9999999999999993,0.9999999999999993,5.551115123125783e-16
