auc,f1,recall,fnr,dp_diff,fnr_gap,worst_group_sensitivity,method
0.7718219746897016,0.49755730928222475,0.8795394154118689,0.12046058458813114,0.027731646813329736,0.02812013102416748,0.8606224627875507,Oracle (train on target)
0.7663155375968361,0.5091545503500269,0.837466784765279,0.16253321523472097,0.024970614926354773,0.02994723578025213,0.8173207036535859,Naive transfer
0.7663155375968361,0.5091545503500269,0.837466784765279,0.16253321523472097,0.024970614926354773,0.02994723578025213,0.8173207036535859,IPS-weighted transfer
