threshold,accuracy,precision,recall,fnr,f1,auc,brier,dp_diff,tpr_gap,fpr_gap,fnr_gap,equalized_odds_diff,worst_group_sensitivity,macro_avg_fnr,group_auc_mean,group_brier_mean,clinical_fairness_score
0.15,0.6811169795534173,0.2983221760867723,0.8024846136311831,0.19751538636881694,0.43495181616011863,0.8044625752508023,0.10748289937263222,0.04229137753333628,0.023139740273796727,0.04144383270087171,0.023139740273796672,0.04144383270087171,0.790471675752548,0.19795845411055366,0.8027493266538588,0.10842427846682552,0.5693734813681977
