feature,mean_abs_shap
GenHlth,0.6092844
HighBP,0.5621116
BMI,0.39552614
HighChol,0.31516853
MentHlth,0.10868486
HeartDiseaseorAttack,0.099986844
DiffWalk,0.098628044
HvyAlcoholConsump,0.06562964
CholCheck,0.05884359
Smoker,0.038839187
PhysActivity,0.032797948
Stroke,0.029825052
Veggies,0.017877804
PhysHlth,0.015680848
Fruits,0.014083801
AnyHealthcare,0.012157383
NoDocbcCost,0.010912401
