feature,mean_abs_shap
GenHlth,0.59613323
HighBP,0.4594102
BMI,0.4116293
Age,0.3816522
HighChol,0.27910304
Income,0.13290174
Sex,0.11357453
HeartDiseaseorAttack,0.06515064
HvyAlcoholConsump,0.05653742
CholCheck,0.053723443
DiffWalk,0.046880584
MentHlth,0.04331851
Education,0.039255142
Stroke,0.023859013
Fruits,0.016562343
PhysHlth,0.014852472
PhysActivity,0.013798212
Smoker,0.013234547
AnyHealthcare,0.0047567235
Veggies,0.0031296792
NoDocbcCost,0.0026860107
