feature,mean_abs_shap
GenHlth,0.5789864
HighBP,0.55045134
BMI,0.4003105
HighChol,0.31430626
Income,0.13766861
MentHlth,0.107000194
HeartDiseaseorAttack,0.09787094
DiffWalk,0.080728635
HvyAlcoholConsump,0.062267344
CholCheck,0.05875941
Smoker,0.028868807
Stroke,0.028155573
Education,0.026265375
PhysActivity,0.019834219
AnyHealthcare,0.0178412
NoDocbcCost,0.01775055
PhysHlth,0.013041205
Fruits,0.012051209
Veggies,0.008630837
