counterfactual,n_samples,counterfactual_fairness_ratio,n_predictions_changed,percent_predictions_changed,mean_absolute_probability_change,mean_signed_probability_change,max_absolute_probability_change,original_accuracy,counterfactual_accuracy,original_auc,counterfactual_auc
Sex flip,500,0.014,7,1.4000000000000001,0.02244691178202629,0.0016954793827608228,0.13658881187438965,0.862,0.86,0.8028549019607844,0.8061176470588236
Age young→middle,500,0.002,1,0.2,0.010549722239375114,0.010549722239375114,0.24898967146873474,0.862,0.86,0.8028549019607844,0.792721568627451
